,keywords,number_of_times_word_appeared,tf,idf,tf_idf
403,e,2877,0.10930851063829787,-7.964503363551548,-0.8705880006435335
927,n,1787,0.0678951367781155,-7.488293515159428,-0.5084187124464247
573,r,1531,0.05816869300911854,-7.333676395657684,-0.4265903708872308
767,l,1174,0.0446048632218845,-7.068172000388042,-0.31527484530606237
650,c,1091,0.04145136778115502,-6.994849985833071,-0.28994609933677357
247,p,737,0.028001519756838907,-6.602587892189336,-0.18488249530940506
822,u,637,0.02420212765957447,-6.456769655572163,-0.15626756347262416
804,g,571,0.02169452887537994,-6.3473892096560105,-0.13770361849215737
448,h,431,0.016375379939209726,-6.066108090103747,-0.09933482472776273
671,al,364,0.013829787234042552,-5.8971538676367405,-0.08155638327582726
136,b,359,0.013639817629179332,-5.883322388488279,-0.08024744443264788
483,v,334,0.012689969604863223,-5.8111409929767,-0.073743202570449
864,er,304,0.011550151975683891,-5.717027701406222,-0.06603253880043661
321,f,284,0.010790273556231003,-5.648974238161206,-0.060953977341861046
653,tion,281,0.01067629179331307,-5.638354669333745,-0.0601967196839963
542,ct,254,0.009650455927051672,-5.537334267018537,-0.053437800297215364
23,et,249,0.00946048632218845,-5.517452896464707,-0.05219778766032341
1088,se,247,0.009384498480243161,-5.5093883366279774,-0.05170284647215465
176,de,247,0.009384498480243161,-5.5093883366279774,-0.05170284647215465
319,w,245,0.009308510638297872,-5.5012582105447265,-0.0512085205768791
720,ra,193,0.0073328267477203645,-5.262690188904886,-0.038590395382167283
1010,k,193,0.0073328267477203645,-5.262690188904886,-0.038590395382167283
749,ing,184,0.006990881458966565,-5.214935757608986,-0.036456997697570416
345,ar,168,0.006382978723404255,-5.123963979403259,-0.032706153060020796
1009,x,154,0.005851063829787234,-5.0369526024136295,-0.029471531184335067
697,j,137,0.00520516717325228,-4.919980925828125,-0.025609323208147915
754,si,123,0.004673252279635259,-4.812184355372417,-0.022488551508769276
90,pro,118,0.004483282674772037,-4.770684624465665,-0.021388327723668256
407,z,114,0.004331306990881459,-4.736198448394496,-0.020513929449733
1021,su,112,0.00425531914893617,-4.718498871295094,-0.02007871860125572
285,ob,110,0.004179331306990881,-4.700480365792417,-0.019644864750652195
485,im,108,0.004103343465045593,-4.68213122712422,-0.01921239257330607
704,ject,100,0.003799392097264438,-4.605170185988091,-0.017496847211200955
932,con,100,0.003799392097264438,-4.605170185988091,-0.017496847211200955
228,vi,98,0.003723404255319149,-4.584967478670572,-0.01707168742058192
766,di,98,0.003723404255319149,-4.584967478670572,-0.01707168742058192
399,li,97,0.0036854103343465046,-4.574710978503383,-0.016859687116824777
310,tr,93,0.003533434650455927,-4.532599493153256,-0.016015644105746688
514,op,90,0.003419452887537994,-4.499809670330265,-0.015386887170582213
539,object,88,0.0033434650455927053,-4.477336814478207,-0.014969819136553276
984,us,88,0.0033434650455927053,-4.477336814478207,-0.014969819136553276
866,th,87,0.0033054711246200607,-4.465908118654584,-0.014761930331419027
920,ha,71,0.002697568389057751,-4.2626798770413155,-0.011498870488979233
695,sual,68,0.0025835866261398176,-4.219507705176107,-0.010901463675986902
538,visual,67,0.002545592705167173,-4.204692619390966,-0.010703434859391896
110,ot,67,0.002545592705167173,-4.204692619390966,-0.010703434859391896
301,detec,66,0.002507598784194529,-4.189654742026425,-0.010505973137300307
815,detect,65,0.0024696048632218844,-4.174387269895637,-0.01030908710270579
971,per,63,0.0023936170212765957,-4.143134726391533,-0.009917077802532924
795,tection,57,0.0021656534954407297,-4.04305126783455,-0.008755848110431967
153,work,56,0.002127659574468085,-4.02535169073515,-0.008564578065393935
465,word,56,0.002127659574468085,-4.02535169073515,-0.008564578065393935
493,descrip,56,0.002127659574468085,-4.02535169073515,-0.008564578065393935
523,scription,55,0.0020896656534954406,-4.007333185232471,-0.008373986519292777
93,detection,55,0.0020896656534954406,-4.007333185232471,-0.008373986519292777
22,description,54,0.0020516717325227965,-3.9889840465642745,-0.00818408580982032
1086,age,54,0.0020516717325227965,-3.9889840465642745,-0.00818408580982032
371,att,48,0.00182370820668693,-3.871201010907891,-0.007059941053327461
562,xt,48,0.00182370820668693,-3.871201010907891,-0.007059941053327461
449,hot,47,0.0017857142857142857,-3.8501476017100584,-0.006875263574482247
252,com,46,0.0017477203647416413,-3.828641396489095,-0.0066913945379368685
728,shot,45,0.001709726443768997,-3.8066624897703196,-0.0065083515212638445
714,zero,45,0.001709726443768997,-3.8066624897703196,-0.0065083515212638445
353,set,43,0.0016337386018237083,-3.7612001156935624,-0.00614481781819237
972,unit,40,0.001519756838905775,-3.6888794541139363,-0.005606199778288657
354,use,40,0.001519756838905775,-3.6888794541139363,-0.005606199778288657
717,ty,39,0.0014817629179331307,-3.6635616461296463,-0.005428529794796968
961,attention,37,0.001405775075987842,-3.6109179126442243,-0.005076138403033294
959,ity,37,0.001405775075987842,-3.6109179126442243,-0.005076138403033294
313,model,37,0.001405775075987842,-3.6109179126442243,-0.005076138403033294
910,learn,36,0.0013677811550151975,-3.58351893845611,-0.004901469672660332
991,train,36,0.0013677811550151975,-3.58351893845611,-0.004901469672660332
401,concept,35,0.0013297872340425532,-3.5553480614894135,-0.004727856464746561
1060,proposal,35,0.0013297872340425532,-3.5553480614894135,-0.004727856464746561
222,pre,35,0.0013297872340425532,-3.5553480614894135,-0.004727856464746561
762,pose,34,0.0012917933130699088,-3.5263605246161616,-0.004555328945172853
777,lin,34,0.0012917933130699088,-3.5263605246161616,-0.004555328945172853
655,text,33,0.0012537993920972645,-3.4965075614664802,-0.004383919055030162
54,sion,33,0.0012537993920972645,-3.4965075614664802,-0.004383919055030162
617,data,33,0.0012537993920972645,-3.4965075614664802,-0.004383919055030162
314,ren,33,0.0012537993920972645,-3.4965075614664802,-0.004383919055030162
911,tw,32,0.0012158054711246201,-3.4657359027997265,-0.004213660672096932
63,propose,32,0.0012158054711246201,-3.4657359027997265,-0.004213660672096932
506,level,31,0.0011778115501519756,-3.4339872044851463,-0.004044589792516699
567,form,29,0.001101823708206687,-3.367295829986474,-0.0037101663780246103
963,bo,29,0.001101823708206687,-3.367295829986474,-0.0037101663780246103
788,two,29,0.001101823708206687,-3.367295829986474,-0.0037101663780246103
519,ab,28,0.0010638297872340426,-3.332204510175204,-0.003544898415080004
690,textual,27,0.0010258358662613982,-3.295836866004329,-0.0033809876664938027
432,lem,27,0.0010258358662613982,-3.295836866004329,-0.0033809876664938027
734,learning,26,0.000987841945288754,-3.258096538021482,-0.0032184844220576954
572,tic,25,0.0009498480243161094,-3.2188758248682006,-0.003057442842769947
908,image,25,0.0009498480243161094,-3.2188758248682006,-0.003057442842769947
901,dataset,24,0.000911854103343465,-3.1780538303479458,-0.0028979214258491905
1055,experiment,23,0.0008738601823708207,-3.1354942159291497,-0.0027399835473545
265,posed,23,0.0008738601823708207,-3.1354942159291497,-0.0027399835473545
337,base,22,0.0008358662613981763,-3.0910424533583156,-0.002583698099311662
394,network,22,0.0008358662613981763,-3.0910424533583156,-0.002583698099311662
855,branch,22,0.0008358662613981763,-3.0910424533583156,-0.002583698099311662
524,proposed,22,0.0008358662613981763,-3.0910424533583156,-0.002583698099311662
96,training,21,0.0007978723404255319,-3.044522437723423,-0.002429140242864433
130,result,21,0.0007978723404255319,-3.044522437723423,-0.002429140242864433
66,class,21,0.0007978723404255319,-3.044522437723423,-0.002429140242864433
922,seen,20,0.0007598784194528875,-2.995732273553991,-0.002276392305132212
454,bi,20,0.0007598784194528875,-2.995732273553991,-0.002276392305132212
801,language,20,0.0007598784194528875,-2.995732273553991,-0.002276392305132212
1008,used,19,0.0007218844984802432,-2.9444389791664407,-0.0021255448557812454
1006,go,19,0.0007218844984802432,-2.9444389791664407,-0.0021255448557812454
574,art,19,0.0007218844984802432,-2.9444389791664407,-0.0021255448557812454
250,ht,19,0.0007218844984802432,-2.9444389791664407,-0.0021255448557812454
1043,dif,19,0.0007218844984802432,-2.9444389791664407,-0.0021255448557812454
81,differ,18,0.0006838905775075987,-2.890371757896165,-0.0019766980107192617
292,ence,18,0.0006838905775075987,-2.890371757896165,-0.0019766980107192617
286,feature,18,0.0006838905775075987,-2.890371757896165,-0.0019766980107192617
570,ferent,18,0.0006838905775075987,-2.890371757896165,-0.0019766980107192617
11,seman,18,0.0006838905775075987,-2.890371757896165,-0.0019766980107192617
880,cate,17,0.0006458966565349544,-2.833213344056216,-0.0018299630261761274
907,rate,17,0.0006458966565349544,-2.833213344056216,-0.0018299630261761274
219,perform,17,0.0006458966565349544,-2.833213344056216,-0.0018299630261761274
376,framework,17,0.0006458966565349544,-2.833213344056216,-0.0018299630261761274
253,follow,17,0.0006458966565349544,-2.833213344056216,-0.0018299630261761274
1031,embedding,17,0.0006458966565349544,-2.833213344056216,-0.0018299630261761274
400,novel,17,0.0006458966565349544,-2.833213344056216,-0.0018299630261761274
935,semantic,17,0.0006458966565349544,-2.833213344056216,-0.0018299630261761274
159,different,17,0.0006458966565349544,-2.833213344056216,-0.0018299630261761274
592,afﬁn,16,0.0006079027355623101,-2.772588722239781,-0.0016854642688387729
480,formance,16,0.0006079027355623101,-2.772588722239781,-0.0016854642688387729
1083,one,16,0.0006079027355623101,-2.772588722239781,-0.0016854642688387729
844,wa,15,0.0005699088145896656,-2.70805020110221,-0.001543341679959466
215,sent,15,0.0005699088145896656,-2.70805020110221,-0.001543341679959466
444,xa,15,0.0005699088145896656,-2.70805020110221,-0.001543341679959466
138,datasets,15,0.0005699088145896656,-2.70805020110221,-0.001543341679959466
646,performance,15,0.0005699088145896656,-2.70805020110221,-0.001543341679959466
367,log,15,0.0005699088145896656,-2.70805020110221,-0.001543341679959466
207,method,15,0.0005699088145896656,-2.70805020110221,-0.001543341679959466
803,bansal,15,0.0005699088145896656,-2.70805020110221,-0.001543341679959466
119,prob,15,0.0005699088145896656,-2.70805020110221,-0.001543341679959466
899,present,14,0.0005319148936170213,-2.639057329615259,-0.0014037538987315206
648,fc,14,0.0005319148936170213,-2.639057329615259,-0.0014037538987315206
1004,challenging,13,0.000493920972644377,-2.5649493574615367,-0.001266882281420972
450,part,13,0.000493920972644377,-2.5649493574615367,-0.001266882281420972
179,example,13,0.000493920972644377,-2.5649493574615367,-0.001266882281420972
824,afﬁnity,13,0.000493920972644377,-2.5649493574615367,-0.001266882281420972
169,three,13,0.000493920972644377,-2.5649493574615367,-0.001266882281420972
381,map,13,0.000493920972644377,-2.5649493574615367,-0.001266882281420972
835,lstm,13,0.000493920972644377,-2.5649493574615367,-0.001266882281420972
909,genome,13,0.000493920972644377,-2.5649493574615367,-0.001266882281420972
965,coco,12,0.0004559270516717325,-2.4849066497880004,-0.0011329361625173253
471,gate,12,0.0004559270516717325,-2.4849066497880004,-0.0011329361625173253
249,based,12,0.0004559270516717325,-2.4849066497880004,-0.0011329361625173253
374,box,12,0.0004559270516717325,-2.4849066497880004,-0.0011329361625173253
1028,unseen,12,0.0004559270516717325,-2.4849066497880004,-0.0011329361625173253
975,term,12,0.0004559270516717325,-2.4849066497880004,-0.0011329361625173253
627,achieve,12,0.0004559270516717325,-2.4849066497880004,-0.0011329361625173253
603,ber,12,0.0004559270516717325,-2.4849066497880004,-0.0011329361625173253
360,rahman,12,0.0004559270516717325,-2.4849066497880004,-0.0011329361625173253
502,porikli,12,0.0004559270516717325,-2.4849066497880004,-0.0011329361625173253
670,problem,12,0.0004559270516717325,-2.4849066497880004,-0.0011329361625173253
568,khan,12,0.0004559270516717325,-2.4849066497880004,-0.0011329361625173253
1050,ﬁrst,11,0.00041793313069908816,-2.3978952727983707,-0.001002159878449167
251,deep,11,0.00041793313069908816,-2.3978952727983707,-0.001002159878449167
71,multi,11,0.00041793313069908816,-2.3978952727983707,-0.001002159878449167
1013,large,11,0.00041793313069908816,-2.3978952727983707,-0.001002159878449167
350,mscoco,11,0.00041793313069908816,-2.3978952727983707,-0.001002159878449167
4,following,11,0.00041793313069908816,-2.3978952727983707,-0.001002159878449167
805,girshick,11,0.00041793313069908816,-2.3978952727983707,-0.001002159878449167
985,able,10,0.00037993920972644377,-2.3025850929940455,-0.0008748423605600477
435,project,10,0.00037993920972644377,-2.3025850929940455,-0.0008748423605600477
687,effect,10,0.00037993920972644377,-2.3025850929940455,-0.0008748423605600477
529,evaluation,10,0.00037993920972644377,-2.3025850929940455,-0.0008748423605600477
678,repre,10,0.00037993920972644377,-2.3025850929940455,-0.0008748423605600477
726,pat,10,0.00037993920972644377,-2.3025850929940455,-0.0008748423605600477
593,ˆa,10,0.00037993920972644377,-2.3025850929940455,-0.0008748423605600477
780,step,10,0.00037993920972644377,-2.3025850929940455,-0.0008748423605600477
75,cnn,10,0.00037993920972644377,-2.3025850929940455,-0.0008748423605600477
799,natural,10,0.00037993920972644377,-2.3025850929940455,-0.0008748423605600477
218,recog,10,0.00037993920972644377,-2.3025850929940455,-0.0008748423605600477
657,tern,10,0.00037993920972644377,-2.3025850929940455,-0.0008748423605600477
663,full,10,0.00037993920972644377,-2.3025850929940455,-0.0008748423605600477
200,experimental,10,0.00037993920972644377,-2.3025850929940455,-0.0008748423605600477
755,layer,9,0.0003419452887537994,-2.1972245773362196,-0.0007513305925541784
205,zhang,9,0.0003419452887537994,-2.1972245773362196,-0.0007513305925541784
744,bounding,9,0.0003419452887537994,-2.1972245773362196,-0.0007513305925541784
600,exist,9,0.0003419452887537994,-2.1972245773362196,-0.0007513305925541784
684,classiﬁcation,9,0.0003419452887537994,-2.1972245773362196,-0.0007513305925541784
80,using,9,0.0003419452887537994,-2.1972245773362196,-0.0007513305925541784
423,similar,9,0.0003419452887537994,-2.1972245773362196,-0.0007513305925541784
894,weight,9,0.0003419452887537994,-2.1972245773362196,-0.0007513305925541784
698,metric,9,0.0003419452887537994,-2.1972245773362196,-0.0007513305925541784
637,setting,9,0.0003419452887537994,-2.1972245773362196,-0.0007513305925541784
1026,cvpr,9,0.0003419452887537994,-2.1972245773362196,-0.0007513305925541784
770,fast,9,0.0003419452887537994,-2.1972245773362196,-0.0007513305925541784
999,sci,8,0.00030395136778115504,-2.0794415416798357,-0.0006320491008145397
346,lab,8,0.00030395136778115504,-2.0794415416798357,-0.0006320491008145397
773,recall,8,0.00030395136778115504,-2.0794415416798357,-0.0006320491008145397
712,baseline,8,0.00030395136778115504,-2.0794415416798357,-0.0006320491008145397
447,func,8,0.00030395136778115504,-2.0794415416798357,-0.0006320491008145397
713,effective,8,0.00030395136778115504,-2.0794415416798357,-0.0006320491008145397
775,relation,8,0.00030395136778115504,-2.0794415416798357,-0.0006320491008145397
469,joint,8,0.00030395136778115504,-2.0794415416798357,-0.0006320491008145397
725,mation,8,0.00030395136778115504,-2.0794415416798357,-0.0006320491008145397
442,explor,8,0.00030395136778115504,-2.0794415416798357,-0.0006320491008145397
763,fully,8,0.00030395136778115504,-2.0794415416798357,-0.0006320491008145397
139,extensive,8,0.00030395136778115504,-2.0794415416798357,-0.0006320491008145397
142,infor,8,0.00030395136778115504,-2.0794415416798357,-0.0006320491008145397
227,nize,8,0.00030395136778115504,-2.0794415416798357,-0.0006320491008145397
230,che,8,0.00030395136778115504,-2.0794415416798357,-0.0006320491008145397
36,region,8,0.00030395136778115504,-2.0794415416798357,-0.0006320491008145397
532,compare,8,0.00030395136778115504,-2.0794415416798357,-0.0006320491008145397
602,better,8,0.00030395136778115504,-2.0794415416798357,-0.0006320491008145397
490,ilsvrc,8,0.00030395136778115504,-2.0794415416798357,-0.0006320491008145397
45,task,8,0.00030395136778115504,-2.0794415416798357,-0.0006320491008145397
21,corr,8,0.00030395136778115504,-2.0794415416798357,-0.0006320491008145397
543,test,8,0.00030395136778115504,-2.0794415416798357,-0.0006320491008145397
584,lect,8,0.00030395136778115504,-2.0794415416798357,-0.0006320491008145397
5,output,8,0.00030395136778115504,-2.0794415416798357,-0.0006320491008145397
53,component,8,0.00030395136778115504,-2.0794415416798357,-0.0006320491008145397
95,mine,7,0.00026595744680851064,-1.9459101490553135,-0.0005175292949615196
259,connected,7,0.00026595744680851064,-1.9459101490553135,-0.0005175292949615196
103,science,7,0.00026595744680851064,-1.9459101490553135,-0.0005175292949615196
1023,note,7,0.00026595744680851064,-1.9459101490553135,-0.0005175292949615196
618,generate,7,0.00026595744680851064,-1.9459101490553135,-0.0005175292949615196
494,conduct,7,0.00026595744680851064,-1.9459101490553135,-0.0005175292949615196
43,compute,7,0.00026595744680851064,-1.9459101490553135,-0.0005175292949615196
451,function,7,0.00026595744680851064,-1.9459101490553135,-0.0005175292949615196
768,optimize,7,0.00026595744680851064,-1.9459101490553135,-0.0005175292949615196
606,vision,7,0.00026595744680851064,-1.9459101490553135,-0.0005175292949615196
357,sign,7,0.00026595744680851064,-1.9459101490553135,-0.0005175292949615196
1017,representation,7,0.00026595744680851064,-1.9459101490553135,-0.0005175292949615196
873,faster,7,0.00026595744680851064,-1.9459101490553135,-0.0005175292949615196
548,knowl,7,0.00026595744680851064,-1.9459101490553135,-0.0005175292949615196
362,table,7,0.00026595744680851064,-1.9459101490553135,-0.0005175292949615196
364,yi,7,0.00026595744680851064,-1.9459101490553135,-0.0005175292949615196
241,iou,7,0.00026595744680851064,-1.9459101490553135,-0.0005175292949615196
861,common,7,0.00026595744680851064,-1.9459101490553135,-0.0005175292949615196
1063,param,7,0.00026595744680851064,-1.9459101490553135,-0.0005175292949615196
19,ft,7,0.00026595744680851064,-1.9459101490553135,-0.0005175292949615196
322,loss,7,0.00026595744680851064,-1.9459101490553135,-0.0005175292949615196
32,ˆai,7,0.00026595744680851064,-1.9459101490553135,-0.0005175292949615196
12,instance,7,0.00026595744680851064,-1.9459101490553135,-0.0005175292949615196
384,information,7,0.00026595744680851064,-1.9459101490553135,-0.0005175292949615196
402,paper,7,0.00026595744680851064,-1.9459101490553135,-0.0005175292949615196
973,edge,7,0.00026595744680851064,-1.9459101490553135,-0.0005175292949615196
284,regres,7,0.00026595744680851064,-1.9459101490553135,-0.0005175292949615196
1038,element,6,0.00022796352583586625,-1.791759469228055,-0.0004084558060550277
68,recognize,6,0.00022796352583586625,-1.791759469228055,-0.0004084558060550277
1035,determine,6,0.00022796352583586625,-1.791759469228055,-0.0004084558060550277
160,category,6,0.00022796352583586625,-1.791759469228055,-0.0004084558060550277
918,though,6,0.00022796352583586625,-1.791759469228055,-0.0004084558060550277
881,trans,6,0.00022796352583586625,-1.791759469228055,-0.0004084558060550277
123,employ,6,0.00022796352583586625,-1.791759469228055,-0.0004084558060550277
1027,anno,6,0.00022796352583586625,-1.791759469228055,-0.0004084558060550277
1070,vector,6,0.00022796352583586625,-1.791759469228055,-0.0004084558060550277
15,space,6,0.00022796352583586625,-1.791759469228055,-0.0004084558060550277
544,implement,6,0.00022796352583586625,-1.791759469228055,-0.0004084558060550277
463,improve,6,0.00022796352583586625,-1.791759469228055,-0.0004084558060550277
269,discus,6,0.00022796352583586625,-1.791759469228055,-0.0004084558060550277
640,report,6,0.00022796352583586625,-1.791759469228055,-0.0004084558060550277
347,compared,6,0.00022796352583586625,-1.791759469228055,-0.0004084558060550277
681,pattern,6,0.00022796352583586625,-1.791759469228055,-0.0004084558060550277
281,grant,6,0.00022796352583586625,-1.791759469228055,-0.0004084558060550277
588,ground,6,0.00022796352583586625,-1.791759469228055,-0.0004084558060550277
295,real,6,0.00022796352583586625,-1.791759469228055,-0.0004084558060550277
331,activation,6,0.00022796352583586625,-1.791759469228055,-0.0004084558060550277
790,parameter,6,0.00022796352583586625,-1.791759469228055,-0.0004084558060550277
787,cinbis,6,0.00022796352583586625,-1.791759469228055,-0.0004084558060550277
461,back,6,0.00022796352583586625,-1.791759469228055,-0.0004084558060550277
828,vg,5,0.00018996960486322188,-1.6094379124341003,-0.00030574428427699473
266,roi,5,0.00018996960486322188,-1.6094379124341003,-0.00030574428427699473
242,tell,5,0.00018996960486322188,-1.6094379124341003,-0.00030574428427699473
302,wise,5,0.00018996960486322188,-1.6094379124341003,-0.00030574428427699473
834,evaluate,5,0.00018996960486322188,-1.6094379124341003,-0.00030574428427699473
419,num,5,0.00018996960486322188,-1.6094379124341003,-0.00030574428427699473
34,russakovsky,5,0.00018996960486322188,-1.6094379124341003,-0.00030574428427699473
820,larger,5,0.00018996960486322188,-1.6094379124341003,-0.00030574428427699473
279,label,5,0.00018996960486322188,-1.6094379124341003,-0.00030574428427699473
1075,search,5,0.00018996960486322188,-1.6094379124341003,-0.00030574428427699473
522,regression,5,0.00018996960486322188,-1.6094379124341003,-0.00030574428427699473
816,akata,5,0.00018996960486322188,-1.6094379124341003,-0.00030574428427699473
290,directly,5,0.00018996960486322188,-1.6094379124341003,-0.00030574428427699473
836,sample,5,0.00018996960486322188,-1.6094379124341003,-0.00030574428427699473
28,ogy,5,0.00018996960486322188,-1.6094379124341003,-0.00030574428427699473
849,best,5,0.00018996960486322188,-1.6094379124341003,-0.00030574428427699473
569,col,5,0.00018996960486322188,-1.6094379124341003,-0.00030574428427699473
561,vo,5,0.00018996960486322188,-1.6094379124341003,-0.00030574428427699473
254,technol,5,0.00018996960486322188,-1.6094379124341003,-0.00030574428427699473
694,dimension,5,0.00018996960486322188,-1.6094379124341003,-0.00030574428427699473
552,view,5,0.00018996960486322188,-1.6094379124341003,-0.00030574428427699473
692,section,5,0.00018996960486322188,-1.6094379124341003,-0.00030574428427699473
952,world,5,0.00018996960486322188,-1.6094379124341003,-0.00030574428427699473
389,supe,5,0.00018996960486322188,-1.6094379124341003,-0.00030574428427699473
131,speciﬁc,5,0.00018996960486322188,-1.6094379124341003,-0.00030574428427699473
792,state,5,0.00018996960486322188,-1.6094379124341003,-0.00030574428427699473
877,denote,5,0.00018996960486322188,-1.6094379124341003,-0.00030574428427699473
876,tie,5,0.00018996960486322188,-1.6094379124341003,-0.00030574428427699473
329,multaneously,5,0.00018996960486322188,-1.6094379124341003,-0.00030574428427699473
333,add,5,0.00018996960486322188,-1.6094379124341003,-0.00030574428427699473
1054,indicates,5,0.00018996960486322188,-1.6094379124341003,-0.00030574428427699473
772,although,5,0.00018996960486322188,-1.6094379124341003,-0.00030574428427699473
878,comparison,5,0.00018996960486322188,-1.6094379124341003,-0.00030574428427699473
1044,long,5,0.00018996960486322188,-1.6094379124341003,-0.00030574428427699473
785,algorithm,5,0.00018996960486322188,-1.6094379124341003,-0.00030574428427699473
182,make,5,0.00018996960486322188,-1.6094379124341003,-0.00030574428427699473
351,general,5,0.00018996960486322188,-1.6094379124341003,-0.00030574428427699473
761,bench,5,0.00018996960486322188,-1.6094379124341003,-0.00030574428427699473
76,rpn,5,0.00018996960486322188,-1.6094379124341003,-0.00030574428427699473
662,knowledge,5,0.00018996960486322188,-1.6094379124341003,-0.00030574428427699473
377,study,5,0.00018996960486322188,-1.6094379124341003,-0.00030574428427699473
382,ﬁnal,5,0.00018996960486322188,-1.6094379124341003,-0.00030574428427699473
921,mikolov,5,0.00018996960486322188,-1.6094379124341003,-0.00030574428427699473
150,σ,5,0.00018996960486322188,-1.6094379124341003,-0.00030574428427699473
601,demonstrate,4,0.00015197568389057752,-1.3862943611198906,-0.0002106830336048466
889,contains,4,0.00015197568389057752,-1.3862943611198906,-0.0002106830336048466
1046,figure,4,0.00015197568389057752,-1.3862943611198906,-0.0002106830336048466
607,convolutional,4,0.00015197568389057752,-1.3862943611198906,-0.0002106830336048466
609,procedure,4,0.00015197568389057752,-1.3862943611198906,-0.0002106830336048466
613,anal,4,0.00015197568389057752,-1.3862943611198906,-0.0002106830336048466
531,computer,4,0.00015197568389057752,-1.3862943611198906,-0.0002106830336048466
1037,video,4,0.00015197568389057752,-1.3862943611198906,-0.0002106830336048466
625,focus,4,0.00015197568389057752,-1.3862943611198906,-0.0002106830336048466
819,number,4,0.00015197568389057752,-1.3862943611198906,-0.0002106830336048466
74,similarity,4,0.00015197568389057752,-1.3862943611198906,-0.0002106830336048466
387,yu,4,0.00015197568389057752,-1.3862943611198906,-0.0002106830336048466
883,dimensional,4,0.00015197568389057752,-1.3862943611198906,-0.0002106830336048466
396,exploring,4,0.00015197568389057752,-1.3862943611198906,-0.0002106830336048466
530,select,4,0.00015197568389057752,-1.3862943611198906,-0.0002106830336048466
24,aaai,4,0.00015197568389057752,-1.3862943611198906,-0.0002106830336048466
58,end,4,0.00015197568389057752,-1.3862943611198906,-0.0002106830336048466
868,truth,4,0.00015197568389057752,-1.3862943611198906,-0.0002106830336048466
1024,intell,4,0.00015197568389057752,-1.3862943611198906,-0.0002106830336048466
70,vn,4,0.00015197568389057752,-1.3862943611198906,-0.0002106830336048466
416,mechanism,4,0.00015197568389057752,-1.3862943611198906,-0.0002106830336048466
537,ds,4,0.00015197568389057752,-1.3862943611198906,-0.0002106830336048466
765,neural,4,0.00015197568389057752,-1.3862943611198906,-0.0002106830336048466
16,literature,4,0.00015197568389057752,-1.3862943611198906,-0.0002106830336048466
556,conﬁrm,4,0.00015197568389057752,-1.3862943611198906,-0.0002106830336048466
106,denotes,4,0.00015197568389057752,-1.3862943611198906,-0.0002106830336048466
195,size,4,0.00015197568389057752,-1.3862943611198906,-0.0002106830336048466
812,new,4,0.00015197568389057752,-1.3862943611198906,-0.0002106830336048466
591,since,4,0.00015197568389057752,-1.3862943611198906,-0.0002106830336048466
229,investigate,4,0.00015197568389057752,-1.3862943611198906,-0.0002106830336048466
1059,future,4,0.00015197568389057752,-1.3862943611198906,-0.0002106830336048466
305,sum,4,0.00015197568389057752,-1.3862943611198906,-0.0002106830336048466
575,follows,4,0.00015197568389057752,-1.3862943611198906,-0.0002106830336048466
598,share,4,0.00015197568389057752,-1.3862943611198906,-0.0002106830336048466
385,ﬁne,4,0.00015197568389057752,-1.3862943611198906,-0.0002106830336048466
902,original,4,0.00015197568389057752,-1.3862943611198906,-0.0002106830336048466
549,without,4,0.00015197568389057752,-1.3862943611198906,-0.0002106830336048466
85,scale,4,0.00015197568389057752,-1.3862943611198906,-0.0002106830336048466
1022,generally,4,0.00015197568389057752,-1.3862943611198906,-0.0002106830336048466
83,city,4,0.00015197568389057752,-1.3862943611198906,-0.0002106830336048466
746,ya,4,0.00015197568389057752,-1.3862943611198906,-0.0002106830336048466
953,describe,4,0.00015197568389057752,-1.3862943611198906,-0.0002106830336048466
370,trained,4,0.00015197568389057752,-1.3862943611198906,-0.0002106830336048466
97,jointly,4,0.00015197568389057752,-1.3862943611198906,-0.0002106830336048466
246,national,4,0.00015197568389057752,-1.3862943611198906,-0.0002106830336048466
87,gt,4,0.00015197568389057752,-1.3862943611198906,-0.0002106830336048466
566,much,4,0.00015197568389057752,-1.3862943611198906,-0.0002106830336048466
1012,simultaneously,4,0.00015197568389057752,-1.3862943611198906,-0.0002106830336048466
156,nip,4,0.00015197568389057752,-1.3862943611198906,-0.0002106830336048466
951,university,4,0.00015197568389057752,-1.3862943611198906,-0.0002106830336048466
942,introduce,4,0.00015197568389057752,-1.3862943611198906,-0.0002106830336048466
158,riority,4,0.00015197568389057752,-1.3862943611198906,-0.0002106830336048466
874,architecture,4,0.00015197568389057752,-1.3862943611198906,-0.0002106830336048466
943,pooling,4,0.00015197568389057752,-1.3862943611198906,-0.0002106830336048466
122,technology,4,0.00015197568389057752,-1.3862943611198906,-0.0002106830336048466
995,given,4,0.00015197568389057752,-1.3862943611198906,-0.0002106830336048466
102,context,4,0.00015197568389057752,-1.3862943611198906,-0.0002106830336048466
438,speciﬁcally,4,0.00015197568389057752,-1.3862943611198906,-0.0002106830336048466
437,effectiveness,4,0.00015197568389057752,-1.3862943611198906,-0.0002106830336048466
109,refer,4,0.00015197568389057752,-1.3862943611198906,-0.0002106830336048466
112,challenge,4,0.00015197568389057752,-1.3862943611198906,-0.0002106830336048466
2,variant,4,0.00015197568389057752,-1.3862943611198906,-0.0002106830336048466
395,detail,4,0.00015197568389057752,-1.3862943611198906,-0.0002106830336048466
141,close,4,0.00015197568389057752,-1.3862943611198906,-0.0002106830336048466
992,application,4,0.00015197568389057752,-1.3862943611198906,-0.0002106830336048466
689,third,4,0.00015197568389057752,-1.3862943611198906,-0.0002106830336048466
848,benchmark,4,0.00015197568389057752,-1.3862943611198906,-0.0002106830336048466
424,non,4,0.00015197568389057752,-1.3862943611198906,-0.0002106830336048466
993,solve,4,0.00015197568389057752,-1.3862943611198906,-0.0002106830336048466
693,frome,4,0.00015197568389057752,-1.3862943611198906,-0.0002106830336048466
412,online,4,0.00015197568389057752,-1.3862943611198906,-0.0002106830336048466
745,saligrama,3,0.00011398176291793312,-1.0986122886681098,-0.0001252217654256964
264,encyclopedia,3,0.00011398176291793312,-1.0986122886681098,-0.0001252217654256964
837,certain,3,0.00011398176291793312,-1.0986122886681098,-0.0001252217654256964
826,short,3,0.00011398176291793312,-1.0986122886681098,-0.0001252217654256964
830,split,3,0.00011398176291793312,-1.0986122886681098,-0.0001252217654256964
243,torr,3,0.00011398176291793312,-1.0986122886681098,-0.0001252217654256964
839,goal,3,0.00011398176291793312,-1.0986122886681098,-0.0001252217654256964
832,input,3,0.00011398176291793312,-1.0986122886681098,-0.0001252217654256964
887,single,3,0.00011398176291793312,-1.0986122886681098,-0.0001252217654256964
349,change,3,0.00011398176291793312,-1.0986122886681098,-0.0001252217654256964
891,determines,3,0.00011398176291793312,-1.0986122886681098,-0.0001252217654256964
896,resnet,3,0.00011398176291793312,-1.0986122886681098,-0.0001252217654256964
163,positive,3,0.00011398176291793312,-1.0986122886681098,-0.0001252217654256964
361,xiang,3,0.00011398176291793312,-1.0986122886681098,-0.0001252217654256964
166,rest,3,0.00011398176291793312,-1.0986122886681098,-0.0001252217654256964
945,value,3,0.00011398176291793312,-1.0986122886681098,-0.0001252217654256964
928,paredes,3,0.00011398176291793312,-1.0986122886681098,-0.0001252217654256964
183,second,3,0.00011398176291793312,-1.0986122886681098,-0.0001252217654256964
865,linear,3,0.00011398176291793312,-1.0986122886681098,-0.0001252217654256964
318,superiority,3,0.00011398176291793312,-1.0986122886681098,-0.0001252217654256964
291,romera,3,0.00011398176291793312,-1.0986122886681098,-0.0001252217654256964
731,still,3,0.00011398176291793312,-1.0986122886681098,-0.0001252217654256964
296,existing,3,0.00011398176291793312,-1.0986122886681098,-0.0001252217654256964
739,candidate,3,0.00011398176291793312,-1.0986122886681098,-0.0001252217654256964
372,applied,3,0.00011398176291793312,-1.0986122886681098,-0.0001252217654256964
703,rcnn,3,0.00011398176291793312,-1.0986122886681098,-0.0001252217654256964
137,gated,3,0.00011398176291793312,-1.0986122886681098,-0.0001252217654256964
957,karpathy,3,0.00011398176291793312,-1.0986122886681098,-0.0001252217654256964
958,demirel,3,0.00011398176291793312,-1.0986122886681098,-0.0001252217654256964
978,instead,3,0.00011398176291793312,-1.0986122886681098,-0.0001252217654256964
962,average,3,0.00011398176291793312,-1.0986122886681098,-0.0001252217654256964
393,progress,3,0.00011398176291793312,-1.0986122886681098,-0.0001252217654256964
968,detecting,3,0.00011398176291793312,-1.0986122886681098,-0.0001252217654256964
134,explore,3,0.00011398176291793312,-1.0986122886681098,-0.0001252217654256964
954,dean,3,0.00011398176291793312,-1.0986122886681098,-0.0001252217654256964
196,structure,3,0.00011398176291793312,-1.0986122886681098,-0.0001252217654256964
368,schmid,3,0.00011398176291793312,-1.0986122886681098,-0.0001252217654256964
817,ikizler,3,0.00011398176291793312,-1.0986122886681098,-0.0001252217654256964
879,measure,3,0.00011398176291793312,-1.0986122886681098,-0.0001252217654256964
806,sutskever,3,0.00011398176291793312,-1.0986122886681098,-0.0001252217654256964
808,solution,3,0.00011398176291793312,-1.0986122886681098,-0.0001252217654256964
810,berg,3,0.00011398176291793312,-1.0986122886681098,-0.0001252217654256964
293,multiplication,3,0.00011398176291793312,-1.0986122886681098,-0.0001252217654256964
925,aim,3,0.00011398176291793312,-1.0986122886681098,-0.0001252217654256964
342,corrado,3,0.00011398176291793312,-1.0986122886681098,-0.0001252217654256964
338,searcher,3,0.00011398176291793312,-1.0986122886681098,-0.0001252217654256964
536,coordinate,3,0.00011398176291793312,-1.0986122886681098,-0.0001252217654256964
1018,school,3,0.00011398176291793312,-1.0986122886681098,-0.0001252217654256964
460,whether,3,0.00011398176291793312,-1.0986122886681098,-0.0001252217654256964
503,onto,3,0.00011398176291793312,-1.0986122886681098,-0.0001252217654256964
512,wang,3,0.00011398176291793312,-1.0986122886681098,-0.0001252217654256964
462,bow,3,0.00011398176291793312,-1.0986122886681098,-0.0001252217654256964
688,optimized,3,0.00011398176291793312,-1.0986122886681098,-0.0001252217654256964
988,tations,3,0.00011398176291793312,-1.0986122886681098,-0.0001252217654256964
649,source,3,0.00011398176291793312,-1.0986122886681098,-0.0001252217654256964
585,harmeling,3,0.00011398176291793312,-1.0986122886681098,-0.0001252217654256964
428,code,3,0.00011398176291793312,-1.0986122886681098,-0.0001252217654256964
426,exploit,3,0.00011398176291793312,-1.0986122886681098,-0.0001252217654256964
1061,liu,3,0.00011398176291793312,-1.0986122886681098,-0.0001252217654256964
82,san,3,0.00011398176291793312,-1.0986122886681098,-0.0001252217654256964
1065,ipod,3,0.00011398176291793312,-1.0986122886681098,-0.0001252217654256964
10,fund,3,0.00011398176291793312,-1.0986122886681098,-0.0001252217654256964
467,clutter,3,0.00011398176291793312,-1.0986122886681098,-0.0001252217654256964
989,bg,3,0.00011398176291793312,-1.0986122886681098,-0.0001252217654256964
187,memory,3,0.00011398176291793312,-1.0986122886681098,-0.0001252217654256964
89,lampert,3,0.00011398176291793312,-1.0986122886681098,-0.0001252217654256964
629,reed,3,0.00011398176291793312,-1.0986122886681098,-0.0001252217654256964
473,conducted,3,0.00011398176291793312,-1.0986122886681098,-0.0001252217654256964
59,mean,3,0.00011398176291793312,-1.0986122886681098,-0.0001252217654256964
1079,chen,3,0.00011398176291793312,-1.0986122886681098,-0.0001252217654256964
915,control,3,0.00011398176291793312,-1.0986122886681098,-0.0001252217654256964
779,signiﬁcant,3,0.00011398176291793312,-1.0986122886681098,-0.0001252217654256964
202,inception,3,0.00011398176291793312,-1.0986122886681098,-0.0001252217654256964
121,threshold,3,0.00011398176291793312,-1.0986122886681098,-0.0001252217654256964
979,org,3,0.00011398176291793312,-1.0986122886681098,-0.0001252217654256964
48,show,3,0.00011398176291793312,-1.0986122886681098,-0.0001252217654256964
501,research,3,0.00011398176291793312,-1.0986122886681098,-0.0001252217654256964
111,sb,3,0.00011398176291793312,-1.0986122886681098,-0.0001252217654256964
73,ﬁxed,3,0.00011398176291793312,-1.0986122886681098,-0.0001252217654256964
190,erates,3,0.00011398176291793312,-1.0986122886681098,-0.0001252217654256964
477,belongie,3,0.00011398176291793312,-1.0986122886681098,-0.0001252217654256964
457,multiple,3,0.00011398176291793312,-1.0986122886681098,-0.0001252217654256964
1051,nickisch,3,0.00011398176291793312,-1.0986122886681098,-0.0001252217654256964
651,zhou,3,0.00011398176291793312,-1.0986122886681098,-0.0001252217654256964
455,visualgenome,3,0.00011398176291793312,-1.0986122886681098,-0.0001252217654256964
658,name,3,0.00011398176291793312,-1.0986122886681098,-0.0001252217654256964
550,mach,3,0.00011398176291793312,-1.0986122886681098,-0.0001252217654256964
65,zsd,3,0.00011398176291793312,-1.0986122886681098,-0.0001252217654256964
672,widely,3,0.00011398176291793312,-1.0986122886681098,-0.0001252217654256964
299,via,2,7.598784194528876e-05,-0.6931471805599453,-5.267075840121165e-05
441,key,2,7.598784194528876e-05,-0.6931471805599453,-5.267075840121165e-05
439,scarcity,2,7.598784194528876e-05,-0.6931471805599453,-5.267075840121165e-05
64,predict,2,7.598784194528876e-05,-0.6931471805599453,-5.267075840121165e-05
373,greatly,2,7.598784194528876e-05,-0.6931471805599453,-5.267075840121165e-05
366,foundation,2,7.598784194528876e-05,-0.6931471805599453,-5.267075840121165e-05
212,krishna,2,7.598784194528876e-05,-0.6931471805599453,-5.267075840121165e-05
213,projection,2,7.598784194528876e-05,-0.6931471805599453,-5.267075840121165e-05
297,feed,2,7.598784194528876e-05,-0.6931471805599453,-5.267075840121165e-05
268,afﬁnities,2,7.598784194528876e-05,-0.6931471805599453,-5.267075840121165e-05
288,shelf,2,7.598784194528876e-05,-0.6931471805599453,-5.267075840121165e-05
287,tiger,2,7.598784194528876e-05,-0.6931471805599453,-5.267075840121165e-05
280,controlling,2,7.598784194528876e-05,-0.6931471805599453,-5.267075840121165e-05
557,gap,2,7.598784194528876e-05,-0.6931471805599453,-5.267075840121165e-05
232,norouzi,2,7.598784194528876e-05,-0.6931471805599453,-5.267075840121165e-05
273,convnet,2,7.598784194528876e-05,-0.6931471805599453,-5.267075840121165e-05
234,detailed,2,7.598784194528876e-05,-0.6931471805599453,-5.267075840121165e-05
235,many,2,7.598784194528876e-05,-0.6931471805599453,-5.267075840121165e-05
107,transform,2,7.598784194528876e-05,-0.6931471805599453,-5.267075840121165e-05
289,provide,2,7.598784194528876e-05,-0.6931471805599453,-5.267075840121165e-05
94,importance,2,7.598784194528876e-05,-0.6931471805599453,-5.267075840121165e-05
147,huber,2,7.598784194528876e-05,-0.6931471805599453,-5.267075840121165e-05
466,furthermore,2,7.598784194528876e-05,-0.6931471805599453,-5.267075840121165e-05
144,false,2,7.598784194528876e-05,-0.6931471805599453,-5.267075840121165e-05
261,deﬁne,2,7.598784194528876e-05,-0.6931471805599453,-5.267075840121165e-05
151,system,2,7.598784194528876e-05,-0.6931471805599453,-5.267075840121165e-05
398,bined,2,7.598784194528876e-05,-0.6931471805599453,-5.267075840121165e-05
154,lr,2,7.598784194528876e-05,-0.6931471805599453,-5.267075840121165e-05
390,encode,2,7.598784194528876e-05,-0.6931471805599453,-5.267075840121165e-05
383,adopt,2,7.598784194528876e-05,-0.6931471805599453,-5.267075840121165e-05
431,grained,2,7.598784194528876e-05,-0.6931471805599453,-5.267075840121165e-05
378,achieved,2,7.598784194528876e-05,-0.6931471805599453,-5.267075840121165e-05
433,wenzhou,2,7.598784194528876e-05,-0.6931471805599453,-5.267075840121165e-05
108,shlens,2,7.598784194528876e-05,-0.6931471805599453,-5.267075840121165e-05
67,stripe,2,7.598784194528876e-05,-0.6931471805599453,-5.267075840121165e-05
69,capture,2,7.598784194528876e-05,-0.6931471805599453,-5.267075840121165e-05
78,obtain,2,7.598784194528876e-05,-0.6931471805599453,-5.267075840121165e-05
84,genus,2,7.598784194528876e-05,-0.6931471805599453,-5.267075840121165e-05
476,approach,2,7.598784194528876e-05,-0.6931471805599453,-5.267075840121165e-05
86,chair,2,7.598784194528876e-05,-0.6931471805599453,-5.267075840121165e-05
474,unambiguous,2,7.598784194528876e-05,-0.6931471805599453,-5.267075840121165e-05
472,discussion,2,7.598784194528876e-05,-0.6931471805599453,-5.267075840121165e-05
470,ability,2,7.598784194528876e-05,-0.6931471805599453,-5.267075840121165e-05
88,intuition,2,7.598784194528876e-05,-0.6931471805599453,-5.267075840121165e-05
459,segmentation,2,7.598784194528876e-05,-0.6931471805599453,-5.267075840121165e-05
306,ˆat,2,7.598784194528876e-05,-0.6931471805599453,-5.267075840121165e-05
527,hybrid,2,7.598784194528876e-05,-0.6931471805599453,-5.267075840121165e-05
309,detector,2,7.598784194528876e-05,-0.6931471805599453,-5.267075840121165e-05
491,zhejiang,2,7.598784194528876e-05,-0.6931471805599453,-5.267075840121165e-05
8,signiﬁcantly,2,7.598784194528876e-05,-0.6931471805599453,-5.267075840121165e-05
516,implementation,2,7.598784194528876e-05,-0.6931471805599453,-5.267075840121165e-05
540,relatedness,2,7.598784194528876e-05,-0.6931471805599453,-5.267075840121165e-05
46,may,2,7.598784194528876e-05,-0.6931471805599453,-5.267075840121165e-05
13,sigmoid,2,7.598784194528876e-05,-0.6931471805599453,-5.267075840121165e-05
534,eccv,2,7.598784194528876e-05,-0.6931471805599453,-5.267075840121165e-05
533,plan,2,7.598784194528876e-05,-0.6931471805599453,-5.267075840121165e-05
528,linearity,2,7.598784194528876e-05,-0.6931471805599453,-5.267075840121165e-05
500,embeddings,2,7.598784194528876e-05,-0.6931471805599453,-5.267075840121165e-05
509,welinder,2,7.598784194528876e-05,-0.6931471805599453,-5.267075840121165e-05
499,artiﬁcial,2,7.598784194528876e-05,-0.6931471805599453,-5.267075840121165e-05
553,previous,2,7.598784194528876e-05,-0.6931471805599453,-5.267075840121165e-05
504,computation,2,7.598784194528876e-05,-0.6931471805599453,-5.267075840121165e-05
513,xiao,2,7.598784194528876e-05,-0.6931471805599453,-5.267075840121165e-05
56,ieee,2,7.598784194528876e-05,-0.6931471805599453,-5.267075840121165e-05
482,notice,2,7.598784194528876e-05,-0.6931471805599453,-5.267075840121165e-05
52,incorporate,2,7.598784194528876e-05,-0.6931471805599453,-5.267075840121165e-05
510,maraca,2,7.598784194528876e-05,-0.6931471805599453,-5.267075840121165e-05
244,fashion,2,7.598784194528876e-05,-0.6931471805599453,-5.267075840121165e-05
526,selected,2,7.598784194528876e-05,-0.6931471805599453,-5.267075840121165e-05
174,intelligence,2,7.598784194528876e-05,-0.6931471805599453,-5.267075840121165e-05
37,cision,2,7.598784194528876e-05,-0.6931471805599453,-5.267075840121165e-05
35,align,2,7.598784194528876e-05,-0.6931471805599453,-5.267075840121165e-05
316,reported,2,7.598784194528876e-05,-0.6931471805599453,-5.267075840121165e-05
177,imagenet,2,7.598784194528876e-05,-0.6931471805599453,-5.267075840121165e-05
359,fair,2,7.598784194528876e-05,-0.6931471805599453,-5.267075840121165e-05
356,important,2,7.598784194528876e-05,-0.6931471805599453,-5.267075840121165e-05
180,concatenation,2,7.598784194528876e-05,-0.6931471805599453,-5.267075840121165e-05
181,increase,2,7.598784194528876e-05,-0.6931471805599453,-5.267075840121165e-05
343,international,2,7.598784194528876e-05,-0.6931471805599453,-5.267075840121165e-05
341,transfer,2,7.598784194528876e-05,-0.6931471805599453,-5.267075840121165e-05
188,conﬁdence,2,7.598784194528876e-05,-0.6931471805599453,-5.267075840121165e-05
517,percentage,2,7.598784194528876e-05,-0.6931471805599453,-5.267075840121165e-05
334,minimize,2,7.598784194528876e-05,-0.6931471805599453,-5.267075840121165e-05
191,szegedy,2,7.598784194528876e-05,-0.6931471805599453,-5.267075840121165e-05
328,bowtie,2,7.598784194528876e-05,-0.6931471805599453,-5.267075840121165e-05
197,pineapple,2,7.598784194528876e-05,-0.6931471805599453,-5.267075840121165e-05
201,exists,2,7.598784194528876e-05,-0.6931471805599453,-5.267075840121165e-05
320,attribute,2,7.598784194528876e-05,-0.6931471805599453,-5.267075840121165e-05
209,process,2,7.598784194528876e-05,-0.6931471805599453,-5.267075840121165e-05
481,fei,2,7.598784194528876e-05,-0.6931471805599453,-5.267075840121165e-05
135,concurrently,2,7.598784194528876e-05,-0.6931471805599453,-5.267075840121165e-05
50,careful,2,7.598784194528876e-05,-0.6931471805599453,-5.267075840121165e-05
332,entire,2,7.598784194528876e-05,-0.6931471805599453,-5.267075840121165e-05
413,zaremba,2,7.598784194528876e-05,-0.6931471805599453,-5.267075840121165e-05
724,commonly,2,7.598784194528876e-05,-0.6931471805599453,-5.267075840121165e-05
128,develop,2,7.598784194528876e-05,-0.6931471805599453,-5.267075840121165e-05
1078,improves,2,7.598784194528876e-05,-0.6931471805599453,-5.267075840121165e-05
853,build,2,7.598784194528876e-05,-0.6931471805599453,-5.267075840121165e-05
699,scorpion,2,7.598784194528876e-05,-0.6931471805599453,-5.267075840121165e-05
1077,rely,2,7.598784194528876e-05,-0.6931471805599453,-5.267075840121165e-05
711,represents,2,7.598784194528876e-05,-0.6931471805599453,-5.267075840121165e-05
982,deck,2,7.598784194528876e-05,-0.6931471805599453,-5.267075840121165e-05
827,testing,2,7.598784194528876e-05,-0.6931471805599453,-5.267075840121165e-05
840,bernstein,2,7.598784194528876e-05,-0.6931471805599453,-5.267075840121165e-05
981,equal,2,7.598784194528876e-05,-0.6931471805599453,-5.267075840121165e-05
709,review,2,7.598784194528876e-05,-0.6931471805599453,-5.267075840121165e-05
825,quan,2,7.598784194528876e-05,-0.6931471805599453,-5.267075840121165e-05
811,resulting,2,7.598784194528876e-05,-0.6931471805599453,-5.267075840121165e-05
1072,perona,2,7.598784194528876e-05,-0.6931471805599453,-5.267075840121165e-05
1071,contribute,2,7.598784194528876e-05,-0.6931471805599453,-5.267075840121165e-05
563,journal,2,7.598784194528876e-05,-0.6931471805599453,-5.267075840121165e-05
1073,plausible,2,7.598784194528876e-05,-0.6931471805599453,-5.267075840121165e-05
595,fore,2,7.598784194528876e-05,-0.6931471805599453,-5.267075840121165e-05
809,intuitive,2,7.598784194528876e-05,-0.6931471805599453,-5.267075840121165e-05
635,ﬂow,2,7.598784194528876e-05,-0.6931471805599453,-5.267075840121165e-05
1001,zisserman,2,7.598784194528876e-05,-0.6931471805599453,-5.267075840121165e-05
559,qualitative,2,7.598784194528876e-05,-0.6931471805599453,-5.267075840121165e-05
1005,occlusion,2,7.598784194528876e-05,-0.6931471805599453,-5.267075840121165e-05
1084,softmax,2,7.598784194528876e-05,-0.6931471805599453,-5.267075840121165e-05
691,researcher,2,7.598784194528876e-05,-0.6931471805599453,-5.267075840121165e-05
132,sun,2,7.598784194528876e-05,-0.6931471805599453,-5.267075840121165e-05
718,efﬁcient,2,7.598784194528876e-05,-0.6931471805599453,-5.267075840121165e-05
576,well,2,7.598784194528876e-05,-0.6931471805599453,-5.267075840121165e-05
842,time,2,7.598784194528876e-05,-0.6931471805599453,-5.267075840121165e-05
579,doll,2,7.598784194528876e-05,-0.6931471805599453,-5.267075840121165e-05
1068,hence,2,7.598784194528876e-05,-0.6931471805599453,-5.267075840121165e-05
1066,achieves,2,7.598784194528876e-05,-0.6931471805599453,-5.267075840121165e-05
990,open,2,7.598784194528876e-05,-0.6931471805599453,-5.267075840121165e-05
580,θ,2,7.598784194528876e-05,-0.6931471805599453,-5.267075840121165e-05
854,background,2,7.598784194528876e-05,-0.6931471805599453,-5.267075840121165e-05
565,observation,2,7.598784194528876e-05,-0.6931471805599453,-5.267075840121165e-05
1087,bengio,2,7.598784194528876e-05,-0.6931471805599453,-5.267075840121165e-05
583,think,2,7.598784194528876e-05,-0.6931471805599453,-5.267075840121165e-05
976,design,2,7.598784194528876e-05,-0.6931471805599453,-5.267075840121165e-05
875,mao,2,7.598784194528876e-05,-0.6931471805599453,-5.267075840121165e-05
586,effectively,2,7.598784194528876e-05,-0.6931471805599453,-5.267075840121165e-05
1064,locate,2,7.598784194528876e-05,-0.6931471805599453,-5.267075840121165e-05
845,hochreiter,2,7.598784194528876e-05,-0.6931471805599453,-5.267075840121165e-05
818,backbone,2,7.598784194528876e-05,-0.6931471805599453,-5.267075840121165e-05
581,rnn,2,7.598784194528876e-05,-0.6931471805599453,-5.267075840121165e-05
870,hidden,2,7.598784194528876e-05,-0.6931471805599453,-5.267075840121165e-05
664,weighting,2,7.598784194528876e-05,-0.6931471805599453,-5.267075840121165e-05
850,comprehension,2,7.598784194528876e-05,-0.6931471805599453,-5.267075840121165e-05
647,engineering,2,7.598784194528876e-05,-0.6931471805599453,-5.267075840121165e-05
1049,recurrent,2,7.598784194528876e-05,-0.6931471805599453,-5.267075840121165e-05
1045,yet,2,7.598784194528876e-05,-0.6931471805599453,-5.267075840121165e-05
967,combine,2,7.598784194528876e-05,-0.6931471805599453,-5.267075840121165e-05
679,grave,2,7.598784194528876e-05,-0.6931471805599453,-5.267075840121165e-05
905,expression,2,7.598784194528876e-05,-0.6931471805599453,-5.267075840121165e-05
781,nil,2,7.598784194528876e-05,-0.6931471805599453,-5.267075840121165e-05
1042,xv,2,7.598784194528876e-05,-0.6931471805599453,-5.267075840121165e-05
730,contribution,2,7.598784194528876e-05,-0.6931471805599453,-5.267075840121165e-05
619,count,2,7.598784194528876e-05,-0.6931471805599453,-5.267075840121165e-05
986,support,2,7.598784194528876e-05,-0.6931471805599453,-5.267075840121165e-05
912,whole,2,7.598784194528876e-05,-0.6931471805599453,-5.267075840121165e-05
847,recognition,2,7.598784194528876e-05,-0.6931471805599453,-5.267075840121165e-05
0,sociate,2,7.598784194528876e-05,-0.6931471805599453,-5.267075840121165e-05
1089,unstructured,2,7.598784194528876e-05,-0.6931471805599453,-5.267075840121165e-05
427,randomly,2,7.598784194528876e-05,-0.6931471805599453,-5.267075840121165e-05
425,equation,2,7.598784194528876e-05,-0.6931471805599453,-5.267075840121165e-05
422,take,2,7.598784194528876e-05,-0.6931471805599453,-5.267075840121165e-05
1025,etc,2,7.598784194528876e-05,-0.6931471805599453,-5.267075840121165e-05
126,xu,2,7.598784194528876e-05,-0.6931471805599453,-5.267075840121165e-05
888,address,2,7.598784194528876e-05,-0.6931471805599453,-5.267075840121165e-05
796,conclusion,2,7.598784194528876e-05,-0.6931471805599453,-5.267075840121165e-05
906,sequent,2,7.598784194528876e-05,-0.6931471805599453,-5.267075840121165e-05
758,made,2,7.598784194528876e-05,-0.6931471805599453,-5.267075840121165e-05
735,improvement,2,7.598784194528876e-05,-0.6931471805599453,-5.267075840121165e-05
882,setup,2,7.598784194528876e-05,-0.6931471805599453,-5.267075840121165e-05
934,ﬁt,2,7.598784194528876e-05,-0.6931471805599453,-5.267075840121165e-05
939,recent,2,7.598784194528876e-05,-0.6931471805599453,-5.267075840121165e-05
956,right,2,7.598784194528876e-05,-0.6931471805599453,-5.267075840121165e-05
940,learns,2,7.598784194528876e-05,-0.6931471805599453,-5.267075840121165e-05
941,simple,2,7.598784194528876e-05,-0.6931471805599453,-5.267075840121165e-05
757,iccv,2,7.598784194528876e-05,-0.6931471805599453,-5.267075840121165e-05
1020,referring,2,7.598784194528876e-05,-0.6931471805599453,-5.267075840121165e-05
947,four,2,7.598784194528876e-05,-0.6931471805599453,-5.267075840121165e-05
736,finally,2,7.598784194528876e-05,-0.6931471805599453,-5.267075840121165e-05
740,wg,2,7.598784194528876e-05,-0.6931471805599453,-5.267075840121165e-05
1019,side,2,7.598784194528876e-05,-0.6931471805599453,-5.267075840121165e-05
771,except,2,7.598784194528876e-05,-0.6931471805599453,-5.267075840121165e-05
590,titative,2,7.598784194528876e-05,-0.6931471805599453,-5.267075840121165e-05
1032,gong,2,7.598784194528876e-05,-0.6931471805599453,-5.267075840121165e-05
626,however,2,7.598784194528876e-05,-0.6931471805599453,-5.267075840121165e-05
969,huang,2,7.598784194528876e-05,-0.6931471805599453,-5.267075840121165e-05
659,rich,2,7.598784194528876e-05,-0.6931471805599453,-5.267075840121165e-05
723,bar,2,7.598784194528876e-05,-0.6931471805599453,-5.267075840121165e-05
1052,choice,2,7.598784194528876e-05,-0.6931471805599453,-5.267075840121165e-05
486,embedded,1,3.799392097264438e-05,0.0,0.0
628,icvgip,1,3.799392097264438e-05,0.0,0.0
484,witnessed,1,3.799392097264438e-05,0.0,0.0
487,justice,1,3.799392097264438e-05,0.0,0.0
541,sider,1,3.799392097264438e-05,0.0,0.0
623,person,1,3.799392097264438e-05,0.0,0.0
630,pyramid,1,3.799392097264438e-05,0.0,0.0
622,cabulary,1,3.799392097264438e-05,0.0,0.0
621,selection,1,3.799392097264438e-05,0.0,0.0
624,collected,1,3.799392097264438e-05,0.0,0.0
599,discussed,1,3.799392097264438e-05,0.0,0.0
546,conveys,1,3.799392097264438e-05,0.0,0.0
597,provides,1,3.799392097264438e-05,0.0,0.0
596,simplicity,1,3.799392097264438e-05,0.0,0.0
555,gories,1,3.799392097264438e-05,0.0,0.0
560,assign,1,3.799392097264438e-05,0.0,0.0
554,xw,1,3.799392097264438e-05,0.0,0.0
551,schroff,1,3.799392097264438e-05,0.0,0.0
564,luo,1,3.799392097264438e-05,0.0,0.0
547,carefully,1,3.799392097264438e-05,0.0,0.0
620,execute,1,3.799392097264438e-05,0.0,0.0
545,closer,1,3.799392097264438e-05,0.0,0.0
505,trunk,1,3.799392097264438e-05,0.0,0.0
488,nsfc,1,3.799392097264438e-05,0.0,0.0
303,caption,1,3.799392097264438e-05,0.0,0.0
632,equid,1,3.799392097264438e-05,0.0,0.0
535,maximum,1,3.799392097264438e-05,0.0,0.0
307,ray,1,3.799392097264438e-05,0.0,0.0
304,appear,1,3.799392097264438e-05,0.0,0.0
807,rack,1,3.799392097264438e-05,0.0,0.0
300,recognized,1,3.799392097264438e-05,0.0,0.0
298,poirson,1,3.799392097264438e-05,0.0,0.0
708,total,1,3.799392097264438e-05,0.0,0.0
707,thirdly,1,3.799392097264438e-05,0.0,0.0
706,aggregation,1,3.799392097264438e-05,0.0,0.0
615,hierarchy,1,3.799392097264438e-05,0.0,0.0
498,normal,1,3.799392097264438e-05,0.0,0.0
604,deﬁned,1,3.799392097264438e-05,0.0,0.0
605,princi,1,3.799392097264438e-05,0.0,0.0
497,investigated,1,3.799392097264438e-05,0.0,0.0
496,branson,1,3.799392097264438e-05,0.0,0.0
608,predicated,1,3.799392097264438e-05,0.0,0.0
495,wxfxt,1,3.799392097264438e-05,0.0,0.0
610,english,1,3.799392097264438e-05,0.0,0.0
611,designed,1,3.799392097264438e-05,0.0,0.0
612,okapia,1,3.799392097264438e-05,0.0,0.0
492,processing,1,3.799392097264438e-05,0.0,0.0
614,objective,1,3.799392097264438e-05,0.0,0.0
616,yang,1,3.799392097264438e-05,0.0,0.0
489,noticed,1,3.799392097264438e-05,0.0,0.0
571,sydney,1,3.799392097264438e-05,0.0,0.0
669,abstract,1,3.799392097264438e-05,0.0,0.0
578,ioffe,1,3.799392097264438e-05,0.0,0.0
434,massive,1,3.799392097264438e-05,0.0,0.0
686,firstly,1,3.799392097264438e-05,0.0,0.0
634,classiﬁers,1,3.799392097264438e-05,0.0,0.0
430,harmonica,1,3.799392097264438e-05,0.0,0.0
429,overlap,1,3.799392097264438e-05,0.0,0.0
421,automated,1,3.799392097264438e-05,0.0,0.0
420,collection,1,3.799392097264438e-05,0.0,0.0
696,continue,1,3.799392097264438e-05,0.0,0.0
418,introduced,1,3.799392097264438e-05,0.0,0.0
417,zg,1,3.799392097264438e-05,0.0,0.0
415,φ,1,3.799392097264438e-05,0.0,0.0
700,combined,1,3.799392097264438e-05,0.0,0.0
701,singer,1,3.799392097264438e-05,0.0,0.0
702,proper,1,3.799392097264438e-05,0.0,0.0
414,whfht,1,3.799392097264438e-05,0.0,0.0
445,encoding,1,3.799392097264438e-05,0.0,0.0
308,shown,1,3.799392097264438e-05,0.0,0.0
668,ucsd,1,3.799392097264438e-05,0.0,0.0
667,overall,1,3.799392097264438e-05,0.0,0.0
636,wxixt,1,3.799392097264438e-05,0.0,0.0
479,mita,1,3.799392097264438e-05,0.0,0.0
638,demonstrates,1,3.799392097264438e-05,0.0,0.0
639,paid,1,3.799392097264438e-05,0.0,0.0
683,combination,1,3.799392097264438e-05,0.0,0.0
577,regularizers,1,3.799392097264438e-05,0.0,0.0
682,crowdsourced,1,3.799392097264438e-05,0.0,0.0
680,optimizer,1,3.799392097264438e-05,0.0,0.0
525,distance,1,3.799392097264438e-05,0.0,0.0
521,affinity,1,3.799392097264438e-05,0.0,0.0
520,performs,1,3.799392097264438e-05,0.0,0.0
582,adaptive,1,3.799392097264438e-05,0.0,0.0
518,missing,1,3.799392097264438e-05,0.0,0.0
515,wah,1,3.799392097264438e-05,0.0,0.0
587,whght,1,3.799392097264438e-05,0.0,0.0
589,establish,1,3.799392097264438e-05,0.0,0.0
511,joulin,1,3.799392097264438e-05,0.0,0.0
508,chellappa,1,3.799392097264438e-05,0.0,0.0
594,response,1,3.799392097264438e-05,0.0,0.0
507,alemi,1,3.799392097264438e-05,0.0,0.0
631,cropped,1,3.799392097264438e-05,0.0,0.0
633,rectangular,1,3.799392097264438e-05,0.0,0.0
705,feeding,1,3.799392097264438e-05,0.0,0.0
685,bf,1,3.799392097264438e-05,0.0,0.0
443,explored,1,3.799392097264438e-05,0.0,0.0
673,matnic,1,3.799392097264438e-05,0.0,0.0
674,consid,1,3.799392097264438e-05,0.0,0.0
675,tedious,1,3.799392097264438e-05,0.0,0.0
676,validation,1,3.799392097264438e-05,0.0,0.0
677,pled,1,3.799392097264438e-05,0.0,0.0
440,dishwasher,1,3.799392097264438e-05,0.0,0.0
436,supported,1,3.799392097264438e-05,0.0,0.0
802,labeled,1,3.799392097264438e-05,0.0,0.0
821,ranzato,1,3.799392097264438e-05,0.0,0.0
311,toshev,1,3.799392097264438e-05,0.0,0.0
741,precision,1,3.799392097264438e-05,0.0,0.0
852,nm,1,3.799392097264438e-05,0.0,0.0
722,provincial,1,3.799392097264438e-05,0.0,0.0
411,analyze,1,3.799392097264438e-05,0.0,0.0
710,overview,1,3.799392097264438e-05,0.0,0.0
410,due,1,3.799392097264438e-05,0.0,0.0
409,schiele,1,3.799392097264438e-05,0.0,0.0
408,nilsback,1,3.799392097264438e-05,0.0,0.0
406,acknowledgement,1,3.799392097264438e-05,0.0,0.0
715,distinguish,1,3.799392097264438e-05,0.0,0.0
716,eacl,1,3.799392097264438e-05,0.0,0.0
405,variation,1,3.799392097264438e-05,0.0,0.0
404,history,1,3.799392097264438e-05,0.0,0.0
719,deng,1,3.799392097264438e-05,0.0,0.0
721,contrast,1,3.799392097264438e-05,0.0,0.0
397,phenomenon,1,3.799392097264438e-05,0.0,0.0
375,especially,1,3.799392097264438e-05,0.0,0.0
392,topic,1,3.799392097264438e-05,0.0,0.0
391,plate,1,3.799392097264438e-05,0.0,0.0
727,empirical,1,3.799392097264438e-05,0.0,0.0
388,color,1,3.799392097264438e-05,0.0,0.0
729,electric,1,3.799392097264438e-05,0.0,0.0
386,zitnick,1,3.799392097264438e-05,0.0,0.0
743,point,1,3.799392097264438e-05,0.0,0.0
732,kravitz,1,3.799392097264438e-05,0.0,0.0
776,implemented,1,3.799392097264438e-05,0.0,0.0
774,harchaoui,1,3.799392097264438e-05,0.0,0.0
369,kanhere,1,3.799392097264438e-05,0.0,0.0
365,sikka,1,3.799392097264438e-05,0.0,0.0
747,bag,1,3.799392097264438e-05,0.0,0.0
748,huaxiang,1,3.799392097264438e-05,0.0,0.0
363,every,1,3.799392097264438e-05,0.0,0.0
750,intermediate,1,3.799392097264438e-05,0.0,0.0
751,rescale,1,3.799392097264438e-05,0.0,0.0
752,varying,1,3.799392097264438e-05,0.0,0.0
753,entry,1,3.799392097264438e-05,0.0,0.0
358,summing,1,3.799392097264438e-05,0.0,0.0
756,achievement,1,3.799392097264438e-05,0.0,0.0
355,package,1,3.799392097264438e-05,0.0,0.0
760,entropy,1,3.799392097264438e-05,0.0,0.0
742,link,1,3.799392097264438e-05,0.0,0.0
352,theme,1,3.799392097264438e-05,0.0,0.0
348,location,1,3.799392097264438e-05,0.0,0.0
344,resource,1,3.799392097264438e-05,0.0,0.0
764,constitutes,1,3.799392097264438e-05,0.0,0.0
340,others,1,3.799392097264438e-05,0.0,0.0
339,accurate,1,3.799392097264438e-05,0.0,0.0
769,camburu,1,3.799392097264438e-05,0.0,0.0
336,ball,1,3.799392097264438e-05,0.0,0.0
335,leakyrelu,1,3.799392097264438e-05,0.0,0.0
330,limi,1,3.799392097264438e-05,0.0,0.0
733,rectiﬁed,1,3.799392097264438e-05,0.0,0.0
380,followed,1,3.799392097264438e-05,0.0,0.0
379,lina,1,3.799392097264438e-05,0.0,0.0
257,cross,1,3.799392097264438e-05,0.0,0.0
256,johnson,1,3.799392097264438e-05,0.0,0.0
255,adam,1,3.799392097264438e-05,0.0,0.0
248,ﬁnd,1,3.799392097264438e-05,0.0,0.0
283,pytorch,1,3.799392097264438e-05,0.0,0.0
294,last,1,3.799392097264438e-05,0.0,0.0
814,interest,1,3.799392097264438e-05,0.0,0.0
813,computed,1,3.799392097264438e-05,0.0,0.0
782,promising,1,3.799392097264438e-05,0.0,0.0
783,developed,1,3.799392097264438e-05,0.0,0.0
784,struggled,1,3.799392097264438e-05,0.0,0.0
324,fourth,1,3.799392097264438e-05,0.0,0.0
786,acquire,1,3.799392097264438e-05,0.0,0.0
323,wght,1,3.799392097264438e-05,0.0,0.0
789,whoht,1,3.799392097264438e-05,0.0,0.0
317,groth,1,3.799392097264438e-05,0.0,0.0
791,together,1,3.799392097264438e-05,0.0,0.0
793,generic,1,3.799392097264438e-05,0.0,0.0
794,reserved,1,3.799392097264438e-05,0.0,0.0
315,fan,1,3.799392097264438e-05,0.0,0.0
312,darrell,1,3.799392097264438e-05,0.0,0.0
797,connecting,1,3.799392097264438e-05,0.0,0.0
798,towards,1,3.799392097264438e-05,0.0,0.0
846,aggregate,1,3.799392097264438e-05,0.0,0.0
258,traditional,1,3.799392097264438e-05,0.0,0.0
260,temporal,1,3.799392097264438e-05,0.0,0.0
843,denoting,1,3.799392097264438e-05,0.0,0.0
737,dense,1,3.799392097264438e-05,0.0,0.0
738,unsolved,1,3.799392097264438e-05,0.0,0.0
778,affect,1,3.799392097264438e-05,0.0,0.0
327,mapping,1,3.799392097264438e-05,0.0,0.0
326,vanhoucke,1,3.799392097264438e-05,0.0,0.0
270,convex,1,3.799392097264438e-05,0.0,0.0
282,province,1,3.799392097264438e-05,0.0,0.0
478,ments,1,3.799392097264438e-05,0.0,0.0
278,good,1,3.799392097264438e-05,0.0,0.0
277,microsoft,1,3.799392097264438e-05,0.0,0.0
276,demonstrated,1,3.799392097264438e-05,0.0,0.0
800,zhu,1,3.799392097264438e-05,0.0,0.0
275,mathematics,1,3.799392097264438e-05,0.0,0.0
829,choose,1,3.799392097264438e-05,0.0,0.0
831,cell,1,3.799392097264438e-05,0.0,0.0
272,replacing,1,3.799392097264438e-05,0.0,0.0
833,arrive,1,3.799392097264438e-05,0.0,0.0
271,remainder,1,3.799392097264438e-05,0.0,0.0
267,discrete,1,3.799392097264438e-05,0.0,0.0
325,vakaran,1,3.799392097264438e-05,0.0,0.0
838,understanding,1,3.799392097264438e-05,0.0,0.0
263,direction,1,3.799392097264438e-05,0.0,0.0
262,intuitively,1,3.799392097264438e-05,0.0,0.0
841,attempt,1,3.799392097264438e-05,0.0,0.0
274,projected,1,3.799392097264438e-05,0.0,0.0
641,california,1,3.799392097264438e-05,0.0,0.0
960,thus,1,3.799392097264438e-05,0.0,0.0
643,extract,1,3.799392097264438e-05,0.0,0.0
885,distributed,1,3.799392097264438e-05,0.0,0.0
886,association,1,3.799392097264438e-05,0.0,0.0
214,south,1,3.799392097264438e-05,0.0,0.0
890,reduce,1,3.799392097264438e-05,0.0,0.0
211,aware,1,3.799392097264438e-05,0.0,0.0
892,pixel,1,3.799392097264438e-05,0.0,0.0
893,dropped,1,3.799392097264438e-05,0.0,0.0
210,hamster,1,3.799392097264438e-05,0.0,0.0
895,icml,1,3.799392097264438e-05,0.0,0.0
897,opener,1,3.799392097264438e-05,0.0,0.0
225,series,1,3.799392097264438e-05,0.0,0.0
231,broader,1,3.799392097264438e-05,0.0,0.0
208,parameterized,1,3.799392097264438e-05,0.0,0.0
7,year,1,3.799392097264438e-05,0.0,0.0
240,ignored,1,3.799392097264438e-05,0.0,0.0
856,corresponding,1,3.799392097264438e-05,0.0,0.0
857,yuille,1,3.799392097264438e-05,0.0,0.0
858,version,1,3.799392097264438e-05,0.0,0.0
859,added,1,3.799392097264438e-05,0.0,0.0
860,salil,1,3.799392097264438e-05,0.0,0.0
239,conﬁrms,1,3.799392097264438e-05,0.0,0.0
862,tx,1,3.799392097264438e-05,0.0,0.0
1,reference,1,3.799392097264438e-05,0.0,0.0
9,mei,1,3.799392097264438e-05,0.0,0.0
863,precise,1,3.799392097264438e-05,0.0,0.0
884,devise,1,3.799392097264438e-05,0.0,0.0
217,retrieval,1,3.799392097264438e-05,0.0,0.0
994,remains,1,3.799392097264438e-05,0.0,0.0
100,ingly,1,3.799392097264438e-05,0.0,0.0
996,khosla,1,3.799392097264438e-05,0.0,0.0
997,maire,1,3.799392097264438e-05,0.0,0.0
998,allowed,1,3.799392097264438e-05,0.0,0.0
47,content,1,3.799392097264438e-05,0.0,0.0
1000,equally,1,3.799392097264438e-05,0.0,0.0
105,wale,1,3.799392097264438e-05,0.0,0.0
1002,quantitative,1,3.799392097264438e-05,0.0,0.0
1003,relational,1,3.799392097264438e-05,0.0,0.0
104,clustering,1,3.799392097264438e-05,0.0,0.0
101,scene,1,3.799392097264438e-05,0.0,0.0
937,treat,1,3.799392097264438e-05,0.0,0.0
173,institute,1,3.799392097264438e-05,0.0,0.0
175,xiaoqin,1,3.799392097264438e-05,0.0,0.0
226,yao,1,3.799392097264438e-05,0.0,0.0
224,visually,1,3.799392097264438e-05,0.0,0.0
1082,update,1,3.799392097264438e-05,0.0,0.0
1081,extend,1,3.799392097264438e-05,0.0,0.0
223,relationship,1,3.799392097264438e-05,0.0,0.0
221,capable,1,3.799392097264438e-05,0.0,0.0
220,convenient,1,3.799392097264438e-05,0.0,0.0
1080,bird,1,3.799392097264438e-05,0.0,0.0
216,encodes,1,3.799392097264438e-05,0.0,0.0
1047,china,1,3.799392097264438e-05,0.0,0.0
238,snail,1,3.799392097264438e-05,0.0,0.0
236,wikipedia,1,3.799392097264438e-05,0.0,0.0
185,absence,1,3.799392097264438e-05,0.0,0.0
26,replace,1,3.799392097264438e-05,0.0,0.0
1069,wxgxt,1,3.799392097264438e-05,0.0,0.0
27,pretraining,1,3.799392097264438e-05,0.0,0.0
192,shared,1,3.799392097264438e-05,0.0,0.0
193,impossible,1,3.799392097264438e-05,0.0,0.0
206,primarily,1,3.799392097264438e-05,0.0,0.0
933,useful,1,3.799392097264438e-05,0.0,0.0
204,trick,1,3.799392097264438e-05,0.0,0.0
903,hay,1,3.799392097264438e-05,0.0,0.0
14,software,1,3.799392097264438e-05,0.0,0.0
178,exhaustively,1,3.799392097264438e-05,0.0,0.0
904,community,1,3.799392097264438e-05,0.0,0.0
203,malik,1,3.799392097264438e-05,0.0,0.0
1074,decade,1,3.799392097264438e-05,0.0,0.0
931,satheesh,1,3.799392097264438e-05,0.0,0.0
930,brieﬂy,1,3.799392097264438e-05,0.0,0.0
199,shorter,1,3.799392097264438e-05,0.0,0.0
198,amount,1,3.799392097264438e-05,0.0,0.0
17,body,1,3.799392097264438e-05,0.0,0.0
194,conﬁdences,1,3.799392097264438e-05,0.0,0.0
186,lee,1,3.799392097264438e-05,0.0,0.0
759,tried,1,3.799392097264438e-05,0.0,0.0
923,way,1,3.799392097264438e-05,0.0,0.0
237,major,1,3.799392097264438e-05,0.0,0.0
919,kalantidis,1,3.799392097264438e-05,0.0,0.0
189,factor,1,3.799392097264438e-05,0.0,0.0
867,force,1,3.799392097264438e-05,0.0,0.0
3,aspect,1,3.799392097264438e-05,0.0,0.0
1085,unicycle,1,3.799392097264438e-05,0.0,0.0
869,machine,1,3.799392097264438e-05,0.0,0.0
871,distant,1,3.799392097264438e-05,0.0,0.0
872,newly,1,3.799392097264438e-05,0.0,0.0
6,thirty,1,3.799392097264438e-05,0.0,0.0
233,rare,1,3.799392097264438e-05,0.0,0.0
898,generates,1,3.799392097264438e-05,0.0,0.0
1029,therefore,1,3.799392097264438e-05,0.0,0.0
900,sub,1,3.799392097264438e-05,0.0,0.0
929,analysis,1,3.799392097264438e-05,0.0,0.0
1067,dramatically,1,3.799392097264438e-05,0.0,0.0
913,beyond,1,3.799392097264438e-05,0.0,0.0
18,ﬁrstly,1,3.799392097264438e-05,0.0,0.0
914,mentioned,1,3.799392097264438e-05,0.0,0.0
926,supervised,1,3.799392097264438e-05,0.0,0.0
20,described,1,3.799392097264438e-05,0.0,0.0
916,hard,1,3.799392097264438e-05,0.0,0.0
1076,compositionality,1,3.799392097264438e-05,0.0,0.0
184,initialized,1,3.799392097264438e-05,0.0,0.0
25,arbitrary,1,3.799392097264438e-05,0.0,0.0
917,redundancy,1,3.799392097264438e-05,0.0,0.0
924,modeling,1,3.799392097264438e-05,0.0,0.0
114,xianzhi,1,3.799392097264438e-05,0.0,0.0
115,sensitive,1,3.799392097264438e-05,0.0,0.0
116,schmidhuber,1,3.799392097264438e-05,0.0,0.0
1058,annotation,1,3.799392097264438e-05,0.0,0.0
970,enough,1,3.799392097264438e-05,0.0,0.0
143,score,1,3.799392097264438e-05,0.0,0.0
140,basic,1,3.799392097264438e-05,0.0,0.0
1057,grouped,1,3.799392097264438e-05,0.0,0.0
1056,existence,1,3.799392097264438e-05,0.0,0.0
974,averaging,1,3.799392097264438e-05,0.0,0.0
133,tackle,1,3.799392097264438e-05,0.0,0.0
38,localize,1,3.799392097264438e-05,0.0,0.0
977,wxoxt,1,3.799392097264438e-05,0.0,0.0
129,fundamental,1,3.799392097264438e-05,0.0,0.0
39,within,1,3.799392097264438e-05,0.0,0.0
980,recognizing,1,3.799392097264438e-05,0.0,0.0
127,hariharan,1,3.799392097264438e-05,0.0,0.0
1053,bojanowski,1,3.799392097264438e-05,0.0,0.0
983,hata,1,3.799392097264438e-05,0.0,0.0
40,shandong,1,3.799392097264438e-05,0.0,0.0
152,syringe,1,3.799392097264438e-05,0.0,0.0
155,sharma,1,3.799392097264438e-05,0.0,0.0
1062,sufﬁcient,1,3.799392097264438e-05,0.0,0.0
938,connection,1,3.799392097264438e-05,0.0,0.0
29,phrase,1,3.799392097264438e-05,0.0,0.0
30,exploiting,1,3.799392097264438e-05,0.0,0.0
145,predicted,1,3.799392097264438e-05,0.0,0.0
1030,offset,1,3.799392097264438e-05,0.0,0.0
146,solving,1,3.799392097264438e-05,0.0,0.0
964,shamma,1,3.799392097264438e-05,0.0,0.0
644,multiply,1,3.799392097264438e-05,0.0,0.0
645,product,1,3.799392097264438e-05,0.0,0.0
475,meaning,1,3.799392097264438e-05,0.0,0.0
468,placed,1,3.799392097264438e-05,0.0,0.0
652,dictionary,1,3.799392097264438e-05,0.0,0.0
654,eterizations,1,3.799392097264438e-05,0.0,0.0
464,team,1,3.799392097264438e-05,0.0,0.0
656,technical,1,3.799392097264438e-05,0.0,0.0
458,site,1,3.799392097264438e-05,0.0,0.0
456,dominant,1,3.799392097264438e-05,0.0,0.0
660,infeasible,1,3.799392097264438e-05,0.0,0.0
661,college,1,3.799392097264438e-05,0.0,0.0
453,need,1,3.799392097264438e-05,0.0,0.0
452,multitask,1,3.799392097264438e-05,0.0,0.0
446,question,1,3.799392097264438e-05,0.0,0.0
665,contained,1,3.799392097264438e-05,0.0,0.0
666,observe,1,3.799392097264438e-05,0.0,0.0
851,generation,1,3.799392097264438e-05,0.0,0.0
558,answering,1,3.799392097264438e-05,0.0,0.0
245,manan,1,3.799392097264438e-05,0.0,0.0
936,rapid,1,3.799392097264438e-05,0.0,0.0
149,memorize,1,3.799392097264438e-05,0.0,0.0
148,mainly,1,3.799392097264438e-05,0.0,0.0
966,labelled,1,3.799392097264438e-05,0.0,0.0
172,yue,1,3.799392097264438e-05,0.0,0.0
171,iterates,1,3.799392097264438e-05,0.0,0.0
31,objectness,1,3.799392097264438e-05,0.0,0.0
1040,caltech,1,3.799392097264438e-05,0.0,0.0
55,advancement,1,3.799392097264438e-05,0.0,0.0
99,anchor,1,3.799392097264438e-05,0.0,0.0
1036,improving,1,3.799392097264438e-05,0.0,0.0
79,purely,1,3.799392097264438e-05,0.0,0.0
1034,warped,1,3.799392097264438e-05,0.0,0.0
77,tentions,1,3.799392097264438e-05,0.0,0.0
72,contemporary,1,3.799392097264438e-05,0.0,0.0
1033,krause,1,3.799392097264438e-05,0.0,0.0
57,zhihui,1,3.799392097264438e-05,0.0,0.0
62,forget,1,3.799392097264438e-05,0.0,0.0
61,agnostic,1,3.799392097264438e-05,0.0,0.0
60,organized,1,3.799392097264438e-05,0.0,0.0
98,copyright,1,3.799392097264438e-05,0.0,0.0
1007,weighted,1,3.799392097264438e-05,0.0,0.0
124,suppression,1,3.799392097264438e-05,0.0,0.0
113,pete,1,3.799392097264438e-05,0.0,0.0
44,fasttext,1,3.799392097264438e-05,0.0,0.0
1048,generating,1,3.799392097264438e-05,0.0,0.0
120,conference,1,3.799392097264438e-05,0.0,0.0
987,iclr,1,3.799392097264438e-05,0.0,0.0
118,impact,1,3.799392097264438e-05,0.0,0.0
117,embarrass,1,3.799392097264438e-05,0.0,0.0
1041,sequential,1,3.799392097264438e-05,0.0,0.0
1016,secondly,1,3.799392097264438e-05,0.0,0.0
51,achieving,1,3.799392097264438e-05,0.0,0.0
1015,residual,1,3.799392097264438e-05,0.0,0.0
170,high,1,3.799392097264438e-05,0.0,0.0
944,please,1,3.799392097264438e-05,0.0,0.0
168,reasonable,1,3.799392097264438e-05,0.0,0.0
946,presented,1,3.799392097264438e-05,0.0,0.0
157,murphy,1,3.799392097264438e-05,0.0,0.0
167,sized,1,3.799392097264438e-05,0.0,0.0
948,scoring,1,3.799392097264438e-05,0.0,0.0
949,tween,1,3.799392097264438e-05,0.0,0.0
33,scenario,1,3.799392097264438e-05,0.0,0.0
950,building,1,3.799392097264438e-05,0.0,0.0
165,probability,1,3.799392097264438e-05,0.0,0.0
642,released,1,3.799392097264438e-05,0.0,0.0
164,clutterness,1,3.799392097264438e-05,0.0,0.0
161,vgg,1,3.799392097264438e-05,0.0,0.0
955,beneﬁts,1,3.799392097264438e-05,0.0,0.0
41,innovative,1,3.799392097264438e-05,0.0,0.0
42,ﬂower,1,3.799392097264438e-05,0.0,0.0
125,cns,1,3.799392097264438e-05,0.0,0.0
1039,donahue,1,3.799392097264438e-05,0.0,0.0
49,whiht,1,3.799392097264438e-05,0.0,0.0
1011,perronnin,1,3.799392097264438e-05,0.0,0.0
92,associated,1,3.799392097264438e-05,0.0,0.0
91,thumbnail,1,3.799392097264438e-05,0.0,0.0
1014,consuming,1,3.799392097264438e-05,0.0,0.0
162,adding,1,3.799392097264438e-05,0.0,0.0
823,burrito,1,3.799392097264438e-05,0.0,0.0
